year,total_hours,avg_hours
2012,8473244.989999995,764.9404161776649
2013,22131904.309999995,699.8894538612357
2014,28018982.690000225,747.1728717333393
2015,32231606.74999968,769.8754777146056
2016,39512972.870000005,778.5193850730977
2017,45165727.38999987,746.6396778086337
2018,49429397.70000059,742.6180150538693
2019,53009890.55999998,753.3773511646743
2020,50275045.29000003,794.0839855003795
