year,total_CO2
2012,6046672.426959403
2013,10295768.538001811
2014,12090080.319510536
2015,13989585.353239905
2016,16660865.724467093
2017,18741848.78929486
2018,20218073.280036405
2019,21344450.352654114
2020,21242697.205644447
